alegria,miedo,ira,otra,asco,tristeza,sorpresa
"@aliciaenp Ajajjaa somos del clan twitteras perdidas pa eventos ""importantes"" ",@AwadaNai la mala suerte del gato fichame la cara de help me pls,@audiomano A mÃ­ tampoco me agrado mucho eso. Especialmente por tratarse de Ã©l. No hay justificaciÃ³n.,"Con razon mi vieja se fue rapido a Santa Fe sin invitarme, no queria que me tatue denuevo ","""-te ves como de 25 -sÃ­, ya se  -Â¿quÃ© te dieron de chiquita para verte tan grande?""  Wey, ya se que tengo cuerpo de treintona y soy amargada","Desesperado por encontrarte, busco un camino para olvidarte, es que esa noche que vos te fuiste me desbordaron las cicatrices ğŸ¤ğŸ’”",@juancatab En serio!??
"Para llevar a los bebes de un lugar a otro debemos cantarles canciones...  Quiero cantarles Gunaa' nibiina (La llorona, en Zapoteco)","En Venezuela, el trÃ¡fico aÃ©reo esta tan peligroso como el terrestre? Ya cayÃ³ otra avioneta.","QuÃ© perra rabia cuando tienes sueÃ±o pero no puedes dormir, no lo entiendo.",@LastiriAriel una pintura para maÃ±ana creo q tuve q haberme preocupado un poquito antesğŸ¤¦ğŸ»,@AlvaritoMorales siempre queriendote hacer el gracioso eres malÃ­simo.,no es justo desde hace mil aÃ±os llorando cada vez que las veo,No sÃ© cÃ³mo mi hermana se dejÃ³ que le decolorara el cabello sin saber nada 
"Lo lindo de sentir cerca a esa gente con la que compartiste tanto, eso es amistad! ğŸ˜ Soy una afortunada de tener a la gente que me rodea! â¤","@SoyPabloMiguel Expedito, porque es de las causas urgentes. Ideal para gente ansiosa, como sho.","Usar ""LOL"" y ""equisdÃ©"" en pÃºblico y otras maneras de provocar.",Que alguien me diga alguna pelÃ­cula de terror bueena (y que este en netflix),Â¿Por quÃ© Bad Bunny se vestirÃ¡ tan mal? ,Pelea con mi mama #triste,"""No tengo nÃºmeros,tengo sensaciones""(Brancatelli).Si fuera meteorÃ³logo dirÃ­a q va a llover xq le duelen los callos.Q serio #JuevesIntratable"
@wichouya Que diosito te escuche jaja ,"|| Acabo de leer el twett de user de Brooke y mi mama al mismo tiempo dijo ""anda mal el internet"" #miedo. Ahre les contaba su vida.",@quimicefa *Apunta furiosamente*,Cuando viva sola voy a pesar 300 kg,@arkangel_dragon Creo q fue un poco de venganza,@haashoficial  por que ami  Me tiene que pasar esto ğŸ’” Quiero gritar que ya basta ğŸ˜¿ Quiero abrazarlas pero nunca podrÃ© Dios mÃ­o ğŸ˜·ğŸ˜­  #triste,Diablo ni yo me lo creo 
@DebRyanShow #Rayito Falsa alarma ğŸš¨ sigo sacando ideas de mi cabeza ğŸ˜‰,Adivinen quien tiene mÃ©dico el lunes que viene y tiene miedo porque la van a pesar ğŸ˜£,@feernandatj FERNANDA YA TE DIJE QUE NO,Ni sueÃ±o ,Que horror quienes usan traje y converse.,Noches de llanto ğŸ˜•,@EsttebanGalvan Si vdd? ğŸ™ quien sabe porquÃ©
El David no me quiere jugar mÃ¡s a la play jajajajaja 6 le metÃ­ ,"Evadirse del Problema Interior Provocado por la Personalidad no Es mÃ¡s que Avocarse hasta el Dolor, el EstrÃ©s,el Agobio o el Malestar.",@lesxlex Pero no eres amargada verdad?,Solicito seriamente que haya un festivo todas las semanasğŸ’‹,"@LaTiadeltunco @oveflores la capital de Guate es idÃ©ntica a N capital SS en cuanto a orden, limpieza y seguridad ... ğŸ˜’ #Sarcasmo","PORQUE SEEE QUE SIEEEMPRE,  QUE SIEMPRE ES AMARGO EL ADIOOOOS ğŸ¤",@kalebalemayehu_ @NOCHlLLVlNES yo wtf 
@RocioBattagini Tremendo capitulo jajajaj,Ayer me baje dos juegos de terror y me da cosa jugarlosğŸ™„,Ahora me voy a ir a dormir enojado.,"@OscarAlessandr0 @GolDNakama Estoy al dÃ­a con el manga y te dire una cosa, esa chica no es el waifu ideal para Tatara ",Juega arrancar el GYM de nuevo pero con este frÃ­o como que no da ğŸ˜§â„,Llevo 24 horas sintiÃ©ndome mal. ,No sÃ© cÃ³mo le haces para que no pueda durar enojada contigo mÃ¡s de 2 dÃ­as
"No se para que puse  de contraseÃ±a la huella digital, si sigo usando el patrÃ³n ğŸ˜…",Kimberly me tiene mÃ¡s nerviosa,"Necesito personas que digan a todo ""si"" y no que salgan con ""peros"" ","@medicendaysi El martes no hay examen, asÃ­ que que sea lo que Dios quiera ","@ClaudiaLopez No se deje intimidar senadora, con esos corruptos toca ir sin piedad. Son unos amigos de los recursos pÃºblicos.",aquela nostalgia gostosa escutando audioslave,"Claro que el aÃ±o pasado invitaron al actor que hacÃ­a de Renly. Esa sÃ­ que hubiese sido una sorpresa, un Renly resucitado en la temporada 6"
"@SonyMusicLatin @PrinceRoyce @FarrukoOfficial Yeeah, Congrats baby! ğŸ˜±ğŸ‰ğŸ‰ğŸ™ŒğŸ™Œ La espera del video valiÃ³ la pena! Hiciste un excelente trabajo! ğŸ˜","@Anxi_us Te llevarÃ­a, pero estÃ¡ a punto de llover y me da miedo el ambiente elÃ©ctrico y me dan paja los mosquitos","Por cada minuto de enfado perdemos sesenta sejun,os de felicidad.",@solm_ferzm Nota mental: no volverme a quedar a dormir en tu casa. ,@GusMenFox @clubleonfc Muy feo!! Horrible se ve la publicidad !!,"Espero qe todo este esfuerzo sirva de algo , estoy muy cansado",Solo si leo a la velocidad de la luz voy a poder terminar mis trabajos. 
@Miguel_layun Hay que cosas le sale lo gruÃ±on a @JorgeGonzalezGo animo optimista te sigo apoyando,Si hay algo q me da miedo es equivocarme de grupo y mandarme el moco del aÃ±o o de la vida ,@Corakoraa @TribunalCJ ira a la basura.una pena perder tiempo en ir a la  justicia burguesa,Amo tanto a mi hermanito a pesar de todo ğŸ‘«ğŸ˜ğŸ’—ğŸ’—,que horror que escriban REYNA,Mi cuerpo se vuelve carne y el deseo no es mutuo ni nomade. La misma pesadilla de deshumanizar lo que en algun momento fue mio y fue amor,PensÃ© que era joda que se iba a poner ese nombre 
@letyduranhdez Mira tu niÃ±a aburrida cuando tiene una super nieta y nieto...no es para aburrirseğŸ˜‚ğŸ˜‚,Ya no sÃ© si es que quedÃ© nerviosa o es que tiembla a cada nada en estos Ãºltimos 20 minutos ğŸ˜Ÿ,estoy: enfadada y yo nunca me enfado,"HOLAA, TE VI CAMINANDO EN LO OSCURO SOLA, EN ESTE JUEGO TU TIENES LA BOLA, QUIERO COMERTE COMPLETITA TODAA, QUIERO COMERTE COMPLETITA SOLAAA","Como cuando estÃ¡s desesperada por conocer gente que comparta tus gustos, que hasta publicas en un grupo. QUÃ‰ VERGÃœENZA ME DOY. Â¿????",Me duele la rodilla lpmm espero sea mas que dolor ğŸ˜¥,Como q mi hermano cumpliÃ³ 16 y parece de 20 
"It: Me gustÃ³, pero en mi opiniÃ³n le faltÃ³ algo, nose. OjalÃ¡ la hubieran pasado en 3D. En la espera del capÃ­tulo dos ",Cuando te quedas en una casa que te causa terror pero aÃºn asi te encanta.,Mi corazÃ³n es grande pero mas grande es mi enfado,Alarma lista para maÃ±ana temprano pues,@jordievole @jatirado @ManuelBartual Tranquilo! En Valencia hemos visto que la imprenta de @compromis  no tiene #Porno y tiene ,Oks estoy r3 cansado ganas de dormir y fue,@esunen @sanchezcastejon DÃ³nde estÃ¡ el insulto?
Amo el personaje de nos vemos en disney de dario orsi jajajaja ,De ti quiero mas bellaquera menos timidez,Encima se enojo vieron es mÃ¡s tonto,"""El Ãºnico Espada que me resulta ligeramente agradable es Zommari. Me respeta como superior y no perturba mi existencia.""","Datos @FPCIUDADANA y @GobiernodeChile dicen q delincuencia ha bajado, sin/emb sensaciÃ³n d inseguridad sigue. Gran trabajo d la prensa ",Un mes y ya estoy pensando en LA Nostalgia que se viene ğŸ’ƒğŸ½,@magnitudCL No me di ni cuenta 
"Estoy segura de que en mi examen de hoy saquÃ© 10 y estoy muy contenta, ya quiero hacer otro examen.ğŸ™ˆ",Estoy re nervioso con este tema,"@KloudZNiper Cosas que pasan. Estoy cansado de muchas historias a raiz del pelo. Pero mira el lado positivo, por fin te sigo.","@germxnthief < espalda del rubio, la cuÃ¡l probablemente estarÃ­a marcada, pero ni con eso logrÃ³ sofocarlo pues un gruÃ±ido saliÃ³ de sus >",@cokep Que eres terrible fome! ğŸ™„ Y aÃ±ejo poh!,Estoy por mandarle un mail a mi ex-tutora para preguntarle si puedo seguir con el tfg #tristeza #morriÃ±a #sentimientosencontrados #confusion,@1Pinipon Acabo de leerlo! 
Que matÃ³n vale jaja.,Ya arranco el vientito ... que dia nos espera ... #miedo ! ğŸ™ˆğŸ™‰,No creo que puedan comprender mi enojo eterno porque a CinÃ©polis se le ocurriÃ³ proyectar Mulan cuando estoy fuera del paÃ­s ğŸ˜¡ğŸ˜¡,@francellabrenes Literal no he ni visto el temario ni nada ,Desahogarte airado con tu jefe a primera hora sirve para eliminar stress y crear vÃ­nculos que al final no te llevarÃ¡n a ninguna parte.,"Ya estoy en mi casa, ya le puedo llorar a @ChesterBe ğŸ˜­",No esta @ferlo75 en twitter con el partido de #PeÃ±A???
En dos findes o tres voy a estar en corboda ğŸ˜€,TerminÃ© la segunda temporada de @MerliTV3 . Ansiosa espero la tercera â™¡â™¡ @davidsolans96 @AlbertBaro3,Tengo es como ira de como me tienen la moto en Ã©l parqueadero,El optimismo es el hilo conductor hacia el Ã©xito. Bruce Lee,"@SEAT_Mexico ValdrÃ¡ la pena despuÃ©s de  60 dÃ­as de lo sucedido ?? Lo hecho, hecho estÃ¡",Que noche mÃ¡s aburrida.,"*Nunca tuviste tu corazÃ³n con las iniciales tuyas y de un muchacho ? -Nonon, me mataba!  *En serio me decÃ­s?  -Si obvio!  Lo mÃ¡s grasa"
@luciashan_poo TÃ³mese una pastilla ğŸ˜ƒ,@YoSoyAlii @Cristian20166 @cachoo01 @DjMaRiiO_90 @MIAREsproject Es que no me gusta faltar pero es que me pone muy nervioso:(,Que rabia cuando se me quita el sueÃ±o,@darlyssolanof @VictorBolivarM @AnaMarcelaPint0 Yo no hice bloqueo ,@XCatalunya I Andalucia...? x corrupciÃ³ implacable?,"DepresiÃ³n rima con Bennington, coincidencia? No lo creo.","En la lÃ­nea borbÃ³nica, haciendo las cosas bien #ironÃ­a #deguatemalaaguatepeor #IIIRepublica #rajoydimision #felipeVI #elpacificador"
Que bonito cuando acaricio ahÃ­ ğŸ˜‚,@stranger_foryou maÃ±ana es mi dÃ­a de prueba pero estoy muy muy muy nerviosa,por eso necesito estar re polle y perderme asÃ­ las dejo de joder ,"Mariscales 10 Tiburones 1. Gano Yesid Salazar. PerdiÃ³ RamÃ³n Ulacio. Destacado Edgar MuÃ±oz de 4-3, 1 anotada y 2 impulsadas.",Como echaba de menos despertarme a estas horas #Sarcasmo,El corazÃ³n amargo come a su dueÃ±o.,"Mi amiga habla sola dormida, es mÃ¡s estamos teniendo una conversaciÃ³n...... "
@DebRyanShow no sÃ© si me deberÃ­a de dar pena o alegrÃ­a de que ha sido de puro #Rayito,Estar durmiendo y que te despierten las voces de un atraco.... #susto ğŸ˜©,No se aguantarme el enojo ni la cara de orto,Que ningÃºn gil apague tu sonrisa,Lo mejor de las elecciones es que es una oportunidad mÃ¡s para compartir con el gran @jigaq #sarcasmo #wea,Madurar es poder sonreÃ­r frente a esa persona que te hizo llorar.,"@naomi1755 Â¿Â¡Hace un aÃ±o!? Wow... Â¡Me sigue sorprendiendo lo genial que lo has pintado, Naomi! ^^"
"@AzulRosito Ya lose,pero es tan lindo,y encima negrito,voy a llorar ğŸ˜¢",Me quede dormida estudiando y me despertÃ© a las 3:20 AM.  Adivinen quien tiene la perra al lado? Un miedo ,Historias de un toledano enfurecido,@AfroParadise #ironÃ­a Uriel.  Pero los medios parecen ver mÃ¡s correcto lo que yo digo que lo que tu dices,"No alardees que un hombre comprometido estÃ¡ tras tuyo,eso le sucede a cualquiera; siÃ©ntete orgullosa cuando lo RECHACES a pesar de quererlo.","@Mickey_Dozanti Lamentable para mi, no creo que sea posible vernos, y eso si me pone sad. ğŸ˜¢ğŸ’” Igual se divierten y la pasan bonito. ğŸ˜ƒâ¤âœ¨",Uy la paraste de pelo 
"Mi bien ponderada @piCkOL, Â¡feliz cumpleaÃ±os! Me tomo tres cervezas a tu salud. Abrazo grande pa' ti.","Me pongo nerviosa que hace media hora se escuche a la policÃ­a, o bomberos, o ambulancia. Agarrame Martaa",Neta ya cÃ¡llense a la verga todos ,"@babynlf Â« recibir su respuesta, su ceÃ±o se frunciÃ³.â€”  â€œÂ¿Que sientes el quÃ©? Â¿DÃ³nde estÃ¡s?â€",@titifenycia A feminista chorona ,Cansancio para regalar. Info aquÃ­ ğŸ‘‹,Vale tanto y yo no me habÃ­a dado cuenta! 
Jajajaja de lejos veÃ­a a Fran re desesperado por ver a los chicos ğŸ˜,@CarolinaWebb Es mÃ¡s difÃ­cil quitar la ansiedad que los piojos,"@infiredannie ... Ofensa directa es una ofensa en la que intento hacer daÃ±o, si discrepas de mi pensamiento lo dices y punto","@nunurob TÃ­a, he apuntado el nÃºmero HOY para asistir de pÃºblico. ","No confundas la velocidad de mi amabilidad y cortesÃ­a, con el atropello de tu imaginaciÃ³n",Devuelvanme a mis amigas solteras ğŸ˜­,"Contrastes de nivel en la #Concacaf: mientras que Martinica es la sorpresa de la #CopaOro2017, E.U. y Costa Rica no pasan por buen momento."
@CatalinaSpring Jajajajajaja que rabia,Me dicen y mas nerviosa me pongo,@MQuevedoF lamentable todos los destrozos y muertes a la GMV..nos da mas razon p la CONSTITUYENTE. VENCEREMOS.....!!!,"De la flor de Zidane, a la flor de Valverde. Las vueltas del fÃºtbol. #IronÃ­a",Que cansado estoy de las comidas tÃ­picasğŸ˜³,@Alba_Scandic Pobre... necesitas comida para que se te pase el disgusto :p,Yo no sÃ© cÃ³mo da los primeros besos la gente normal porque en mi caso siempre ha sido sin que yo me dÃ© cuenta. Sino me alejo porque 
Por tanto aguante. Gracias ğŸ’› Â¡feliz dÃ­a!,Temor a estar solos.,@Pausgarciaa @SofiaHdz1724 PensÃ© que estabas enojada wowow,Si quieres verla sonreÃ­r hÃ¡blale de mi y ella te dirÃ¡ cÃ³mo fue que se le olvido todo aquello que eras tÃº cuando me conociÃ³ a mi,La mejor venganza es ser diferente a quien causÃ³ el daÃ±o.-Marco Aurelio.,"ya hubiese querido yo que aquÃ­ en el meet nos hubieran dejado saludar a todos, quÃ© depresiÃ³n","@Sergio_616 Btw si es por BSO me quedo con la de Wonder Woman la verdad, toda una sorpresa."
Mi relacion con yerko es un cague de risa,Aveces siento que me quieren agarrar ataques de pÃ¡nico,Por cada mifuto de enfado perdamos sesenta segundos de felicidad.,"""MaÃ±ana viaje de negocios""  *tengo que ir a poner una alarma a un pueblito que ni sabÃ­a que existÃ­a*",Ustedes entienden q tenÃ­a pelo??? Siento q no soy yo q horror,Ya necesito vacaciones y a penas van los primeros parciales!!! ,-provocar. Tengo que comentar algo al respecto???
@mnjhqvd @halasyriagmail1 @mqgs1 Deseas relajarte. Bien.!!! Practica Yoga. Te ira SÃºper.!!!,@antenaxxx2 De los creadores de Bendecida y Afortunada llega blindada por mi novio feo pero narco. #Susto,@trepidwarrior esque mi internet esta ripeando ya despues como a las 11 ira bien,@SUR_cultura @cacmalaga @ajavierlopez Pero vamos que es un poco la tesis del cura Perez Pallares de no ofender a nadie.,"@Malejaaaa__ Siendo asÃ­ tendrÃ­a que decir ""soy terrible""",Hoy me dispongo a ver el partido para distraerme de la depresiÃ³n de no haber ido al MATğŸ™‚ğŸ™‚,@HyliaHale De lo que uno se pierde por no tener instagram 
"FelÃ­z dÃ­a a todos mis amigos, a los nuevos que me cayeron genial, a los que conozco hace mucho, y a los que alguna vez fueron mis amigosâ˜º",Siento que en cualquier momento voy a valer ,@zaurendrunks @aIrengoaIz @onlyIaurens CÃ¡llate seÃ±orita venganza,Tengo frÃ­o ,"La verdad prefiero a las personas honestas. Las mentiras estÃ¡n llenas de miedo e inseguridad, definitivamente no quiero eso en mi vida.","vivo cansada como que el cansancio ya es parte de mi, me acostumbre",Llovizna en Agosto??? ğŸ˜¨
Ahora se viene la mejor parte de Encantada lpmâœ¨âœ¨âœ¨âœ¨,@robertomendez Consulta q tiene muy nerviosa a la gobernaciÃ³n,@adnradiochile Tienen el tremendo billete... Eso tienen x que abren la boca y queda la escoba,Estoy escabiando desde las 11 de la maÃ±ana tipo me desayune una birra y me voy a ir tomando una ,@xFedrxgon quedo parada allÃ­ a un lado de la puerta claramente sintiendo aquel repugnante olor a alcohol en sus fosas nasales y aunque -->,No quiero morirme sin ir a un concierto de Luis Miguel antes ğŸ˜­,No puedo creer como Junior Arias puede ser titular en un cuadro argentino 
@florenciagerez_ Jajajajajaj tomatela cara rota esa sos vos ,No tengo wifi y quiero ver la peli de death note por netflix pero tengo miedo de quedarme sin credito ,@rvenegasq Hoy todo es fake ,me acabo de acordar de que este curso hago selectividad y tengo ,"""Estaba rico"" ( era tremendo verde yazmin que asco)","Estoy viendo fotos de cuando era flaca, por llorar y comiendo un kit kat",@DavidManrique20 @mauropalacio10 @mauricio1143824 @stevenarce Sospechoso el penal que no quisieron pitar en el partido contra millonarios
@sivalenciac @bolivarmvb sÃ³lo haz ido sÃ¡bado y no los otros dÃ­as ğŸ˜‚ ve los otros dÃ­as y despuÃ©s dices cuÃ¡l es mejor,Es peligroso acostumbrarse a alguien,"Me da mucha rabia cuando poneis: ""ay si yo hablara...."" HOLA????? PUES CUENTALOOOOOOOOO",Y si mejor considero todo otra vez... por que esto se estÃ¡ volviendo un ciclo ,q bien va sanidad en AndalucÃ­a â¤â¤â¤â¤â¤ #ironico,"Es frustrante ver como se aleja tu felicidad en cuestiÃ³n de segundos. Como si de ello dependiera tu vida, ese incÃ³modo nudo en la garganta",EncontrÃ© ropa en mi casa y tiene olor al perfume que usa mi profesora de quÃ­mica 
"la valija podia pesar hasta 23 y pesÃ³ 22 con algo, eso es vivir al limite bebÃ©",al final vamos a terminar viviendo cada uno es su burbuja...con el temor de encontrarte con alguien que es distinto a ti...,EstÃ¡ forma tan cobarde de decirnos que no ... â˜•ï¸ğŸƒ,@mferp98 Ya duÃ©rmete ,"@o_solorzano78 @tinunjei @javi1dc Estaba siguiendo el debate y vÃ­ que al final te quedaste solo, igual que tu partido. Chao ","quÃ© depresiÃ³n ver todos los vÃ­deos de las chicas que abrazaron hoy a los chicos, YO QUIERO","...y aquÃ­ estoy, mirando la pelea de los bastardos. #GameOfThrones"
@SolDeusebio Chistosa ğŸ™„ğŸ˜‘ğŸ˜‘ğŸ˜‘ğŸ˜‘,#todasqueremosajohn por favor salvamos! #Annabelle #terror #monafea #miedito @ktta_f9,@MatiPagliano La concha de tu vieja! MaÃ±ana vas a terminar muerto en espalda ,Mis ganas de que ya sea fin de semana son terrorÃ­ficamente impresionantes,"Leo que a muchos #mothermovie les pareciÃ³ una pelÃ­cula en extremo violenta y perturbadora, a mÃ­ no. Ya tengo daÃ±ada la sensibilidad mismo ",Que triste querer decirle lo mucho que amo a mi novio pero mi enojo no me lo permite,@albertoperezs90 Ya aguantas mÃ¡s que yo y eso que no fumo 
"Me puse a ver vÃ­deo desde que Hobi debutÃ³, el orgullo y felicidad que es ver todo lo que ha logrado, y que pronto sacara su mixtape no puedo",Soy demasiado ansiosağŸ¤¦â€â™€ï¸,"@FlavioBuccino gorilaje desesperado. chÃºpenla! VIVA PERÃ“N, CARAJO! âœŒï¸",En MaipÃº hace falta una peluquerÃ­a ATR ,"Estoy deseando escuchar al Rey ... si lleva 3 dÃ­as preparando el discurso, seguro que va a ser sublime. #IronÃ­a #MVTProtestasCat",Los dos queremos pero nos mata la cobardÃ­a !!!,Como es que a la facu llego una hora despuÃ©s y para el teaser despierto mÃ¡gicamente sin alarma y justo a tiempo?   #BAMA2017_EXO
"Buenas noches mis princesas, que tengan dulces sueÃ±osğŸ’•ğŸ˜´ MAÃ‘ANA NUEVO VIDEOOOOO estoy muy emocionada ya las extraÃ±o ğŸ˜¢â¤ï¸ las amo",@bianca43721 Dos tweets seguidos. Vos debes tener ansiedad por el viaje me parece...,"""En RD la gente cree que es por el escudo en la bandera que no entran los huracanes, mÃ¡s no en la misma provincia La Altagracia"" #IronÃ­a",@CarlossMartinn Pa que dices na ,Se multarÃ¡ con hasta 300.000 euros a los que presidan las mesas electorales el dÃ­a 1-O. Viva la democracia... #ironÃ­a #votarem #referÃ¨ndum,Llorar la perdida de alguien que todavia sigue vivo.,Porque me gustan los judÃ­os porque 
"Mi momento favorito de Cirque Du Soleil fue cuando se escuchÃ³ un hermoso ""@sebastianpinera conshetumare"" seguido de aplausos.","@LaPelotaNSM_KO Madre mia, pensar que esto puede ser asi toda la temporada... #miedo","Me dicen ""sin ofender"" y me ofende un vergo",Y ahora fui a verlo y no esta roto ,"Lo pintan tan bonito desde CataluÃ±a, que con los aÃ±os nos iremos haciendo catalanes para dejar de ser espaÃ±oles... #ironÃ­a #AhÃ­LoDejo",La ironÃ­a que amo las plantas y nunca me regalaron ni un ramo de flores cortado de una alguna casa #Tristeza,"Â¿Que se siente ser orgasmo y verla siempre, y que no pueda esconderse? ğŸ“š"
Esta vuelta a Capital tiene gustito a que el 5 vuelvo ğŸ˜Š,MI FUTURO DE TUITERA SE ESTÃ VIENDO AMENAZADO CALL 911,Voy a contener mi rabia contra los que bancan a miss bolivia,"Tienes #insomnio o #depresiÃ³n post #sismo? Ven a mi casa, te armo un porro. La propuesta es seria.",Terrible lo mio de alunarme por cualquier cosa.,Como serÃ¡ uno ser extra de tu voz estÃ©reo. #tristeza,"Ayer estaba hablando con mi tÃ­a del insomnio y me dijo que es de familia, TODOS tenemos el mismo problema "
@Alan_frete13 Igual me respondiÃ³ hace casi mes pero la felicidad sigue ahiğŸ’•ğŸ’•ğŸ’•ğŸ’•,@_AryaStark_ Â¡Este es peor! #Miedo,"ESTAS""FANS""NUEVAS QUE HAN SALIDO DE LOS CHICOS SON FALSAS Y VIENEN A INSULTAR AL FANDOM DE 1D PENDEJA NI SIQUIERA HAZ VIVIDO LO QUE FUE ESO",brillito me salvo de un momento de desesperaciÃ³n como la amo,Comer una cucharada de mostaza con miel en ayunas = beber Ã¡cido hirviendo.,"Es muy fuerte El otro dÃ­a estaba escuchando Leave out all the rest, me pone tan melancÃ³lica esa canciÃ³n  Que si la escucho ahora...",una compaÃ±era del colegio subiÃ³ la foto de su bebÃ© y parecÃ­a tener una tenaza en vez de pie 
Jajajajajajajajaajjajajaajaj era peligrosa la tecnica,este juego lo habÃ­a jugado cuando era nene Y ME CAGABA DEL SUSTO,"Debora P Volpin, 50 aÃ±os, acaba de darse cuenta de la pobreza /conventillos, a pesar de que era conductora, NO PERIODISTA. En A fuego lento","""Practiquen el derecho y la justicia. Libren al oprimido del poder del opresor."" - Jeremias 22:3",Al decano no mÃ¡s ya me falta hacerle una sesiÃ³n en la Poli ,@Santi_Calderon2 No me hagas llorar men :( encerio?,"@fc_cordon Me has pillado! Somos los caminantes blancos, vamos, lo peor! #IronÃ­a"
â¤ï¸âœŒğŸ¾Ya somos 400 SeguidoresssâœŒğŸ¾â¤ï¸ #gracias #Feliz #FelizLunes #LunesDeGanarSeguidores #SIGUEMEYTESIGO #SiguemeYTeSigoDeVuelta #Rt,No supero mas lo del sÃ¡bado en Ã©l auto de Fer cuando nos agarro la policÃ­a ,Arroba Hathor quedÃ© re ofendida.,@WindyGirk me puedes pasar pack sin ofender porfavor,"@YamiDatto Ese resentimiento hno, anda a dor",Que tu primer dia no sea en el cumbres esta muy triste.,Hay una flaca que mira todas mis historias y no me sigue!!! Que onda me busca todos los dÃ­as en Instagram a ver si subo una historia? 
"@karma_guizmo En lugar de un novio, te brindo un amigo sincero que disfrute la peli que elijas ",@AdamLGNevill @minotaurolibros â€¢GÃ©nero: #misterio #terror   â€¢Saga: No.  â€¢Traducido por: Manuel Mata.,Â¡SÃ³lo no me ignores! â€”otro pisotÃ³n. Ya estÃ¡ con el berrincheâ€”.,"Me voy de viaje el domingo y no estoy emocionada, bueno solamente por toda la comida que comerÃ© ğŸ¤¤",Antena 3 haciendo un reportaje sobre el adoctrinamiento independentista en los colegios y sacan mi colegio. Ahora lo entiendo todo. #ironia,"@JamesChords Â« sin frenos.  â€”Va...vamos, James. CÃ³rrete para mÃ­ â€”musita ella con la voz ahogada del cansancio.",Yo no se que le ha pasado... que la encuentro pensativa...
Hoy anduve re Chinito esto de la resaca jaj ,"@fernanbecerril cuando voy yo solo no, cuando voy con los crios tengo mas cuidado. sobre todo desde que le atropello una bici a la cria",Que indignaciÃ³n le tengo al chabÃ³n que me dijo prostituta por llevar puesto un cancÃ¡n calado. La puta que te pariÃ³. Ni que fuera de red man.,@galancantu Todo estÃ¡ tan mal... que no sÃ© ni por dÃ³nde empezar. Pero la foto de sssssssteve parece de un violador en serie. ,"@Hinzulina @niggavm03 Bebe que te he dicho de hablar con gente de color oscuro? Ni la hora se les da, vente.","si yo no te vuelvo a ver, yo me voy a enloquecer, es para mÃ­, la locura automÃ¡tica",Soy mas peligrosa aburrida que enojada ...
"Que lindo desactivar la alarma y dormir hasta cuando yo quiera, asi sÃ­ vale arrancar la semana ğŸ˜„",amelia entrÃ³ en pÃ¡nico,Se ponen a vender twits y todavÃ­a se indignan ,@MoeR_10 hasta ahora nunca he entrado a una clase de perspectiva ,@Alondra_7250 estas bien fea mija ,Hacia mucho no lloraba gracias ,@clarymaffeis boluda en serio no sabias es como la primer cosa de la q te enterÃ¡s cuando entras a la secundaria
BÃºsqueda implacable de conosğŸ˜‚ğŸ˜‚ğŸ˜‚,AnotaciÃ³n mental a compartir: Tu hija de 3 aÃ±os SI puede escaparse con tu vehÃ­culo si dejas las llaves puestas ,@radiolared @califidalgo @soymarcelobaffa Q pedazo de caripelas ,@AgustinTerrazaa Ya lo sÃ© ,"@0scarChavez @Reforma Que horror!!, las redes son chismÃ³grafos #sarcasmo , asÃ­ se han construÃ­do es su eje",Escuchar musica triste y terminar mas triste que la mÃºsica,@MiguelStraube ğŸ˜±ğŸ˜± 5 aÃ±os ya no lo puedo creer 
@IraidaTravis Hace poco fui a un concierto y apareciÃ³ Joe de sorpresa cantando ese tema y de ahÃ­ que la tengo pegada jaja ğŸ’•,EN alguna parte del mundo acabo de temblar bien fuerte ....,@etronvar @MikeJoestar Chicos dejen de tomarse un post en joda tan en serio,"@omar_ADG Lo sÃ©, soy brillante.",Asi cuando le dicen a la orquesta que estarÃ¡ el alcalde de Valencia y de Puerto Cabello..... ojoi ojoi ojoi! xD #Ironico,@LaCarlangas_ch ğŸ˜ quÃ© triste todo,Madre mÃ­a! El doble de Manuel Bartual saliendo en las TVs. 
alv los old tweets me tienen bien inspirada ,SoÃ±Ã© cosas super raras ,Si van a insultar por chat al menos hÃ¡ganlo con buena ortografÃ­a.,"Y el Rey, el preparado, supongo q estarÃ¡ ideando una intervenciÃ³n estelar q nos dejarÃ¡ boquiabiertos a todos los espaÃ±oles #2Oct #IronÃ­a",@muriodeasco es re gracioso ver saludos de compaÃ±eros de la secundaria que si ahora nos vemos agachamos la mirada para no saludarnos,Pa me siento horrible,Siento que pasaron mi snap a algun grupo o algo pq me aÃ±adieron como 9 personas 
Ãšltimamente estoy tranquilo. Me asombro. Estoy extraÃ±ando pelear. ğŸ˜‚,La silla de Annabelle se mueve sola o la estÃ¡ moviendo? @chekozaun @disparamargot @Horacitu @ximenadelam @szurita @faustoponce  #miedo ğŸ˜–,Es solo enojo por no por comprenderte u.u,#SabadoJaqueMate juega y juega la free @JaqueMateDisco,"son como Juan Carlos sacando una tirada de engaÃ±o tres para envenenar a alguien ""toma este veneno DIGO... ESTA FANTA""",Estoy a tres episodios de acabar Futurama ğŸ™,"@JosemaNOB PARA porque hoy me mando una foto que decÃ­a que era una ""Valentina"". "
"@randymeeks Ay que pena la gente desinformada... DÃ­selo hombre, dÃ­selo... DÃ­selo de mis partes!! XDD #IronÃ­a #HumorTesticular","Ella se ve fria, pero no lo es, en realidad es muy dulce y tierna, solo tiene miedo a que la lastimen","@NattyMore @Mum1112 Dije las (coshas) plural,mal pensadas no me gustan las ostras ğŸ˜¡","Misofonia: disgusto provocado por los sonidos que producen los demÃ¡s, como respirar o masticar.",Les juro que los teragrip ultra cachuos del horror forte noche siguen sabiendo a agua sucia.,"Se me vienen cosas a la cabeza sin sentido que despuÃ©s ocurren,por ej la muerte de alguien o un accidente. ",@globitohuracan Tremendo un aviÃ³n tirado en el piso
@ElectrikalStorm @pilimbergo Jajaja ,Soy tan fobica a las araÃ±as que ni bien veo una o me las nombran las empiezo a sentir por todo el cuerpo ,@MarioJinset @sergiomaeko @ledicenkar Como discutirle a Yisus?  ,No me puedo dormir ,@camitalaveraa si sos un fracaso ,"Que triste noticia... Mis oraciones estan con el, su familia y fans. RIP Chester Bennington  ğŸ™ğŸ¼ ğŸ˜ª",Me chamuyaba uno en la trafic y ahora me agregÃ³ al facebook 
"""Siempre rie cuando puedas!... Es medicina barata: ğŸ‘ŒğŸ˜œğŸ’ª  Lord Byron  #Sencillo #FelÃ­z #HayQueReir #ParaNoLLorar","Tal vez Abraham tiene razÃ³n y debo hacerlo, pero soy muy cobarde esa es la verdad.","Tremenda bronca, mejor me voy a dormir para no matar a nadie",@D99Radio @enjambremx @enjambremx @D99Radio Samantha SofÃ­a Elizondo Gzz ğŸ˜Š #SiTePreguntanSoloD99,No consigo recordar si era en #Barcelona donde tuvieron que poner cÃ¡maras para evitar violencia desproporcionada de los Mossos #IronÃ­a,Pinta escuchar Numb hasta dormirse de la depresiÃ³n ğŸ’”,Ah y se me abriÃ³ todo esto en la cuenta de mi hermano y cuando quise cambiar le perfil veo q el perfil de mi hermano no tiene cara 
"Es increÃ­ble la ansiedad que tienen estas minas por salir a kta, las quiero un poquito nomas ğŸ˜‚ğŸ˜‚ğŸ˜‚","Le dije a Joel que me avise cuando llegue a su casa, hace como dos horas se fue y todavÃ­a no le llegan los mensajes.. PreocupaciÃ³n modo on","Me enoja que me agarre imsomnio cuando no dormimos juntos ğŸ˜  No tengo a quien abrazar, ni molestar porque no puedo dormir ",@eddiebaeza estoy de acuerdo contigo lamentablemente lo economico esta por encima del deporte me refiero a dos torneos cortos saludos,really paula chaves es una de las mejores modelos de arg con esa walk? lamentable,Estaba granizando me voy a morir,ReciÃ©n @jlespert recordÃ³ que la Ãºltima vez que vistiÃ³ a ML fue en noviembre de 2001 
