text,label
"#NosUnimosONosJodemos #NosUnimosONosJodemos  Vamos juntos por el cambio, mire el miedo que le tienen.  @petrogustavo Mi presidente","[1, 0, 0, 0, 0, 0, 0]"
"@tobonsanin Otra vez este viejo est√∫pido politiquero, estamos es llevados cuando creemos  viejo decr√©pito de estos va hacer la soluci√≥n para Colombia, ayudando a escoger corruptos como #quintero en MEDELLIN #PetroElPatronDelMal #FedericoEsColombia #NosUnimosONosJodemos","[0, 0, 0, 0, 1, 1, 0]"
Sin importar encuestas como en el plebiscito juntos por Colombia el 29 nos vemos #FedericoImparable #NosUnimosONosJodemos #FedericoEsColombia,"[1, 0, 0, 0, 0, 0, 0]"
"Este es el Presidente que nos merecemos, recorri√≥ el pa√≠s entero, escuch√≥, expres√≥ cari√±o y nos contagi√≥ la esperanza #FedericoEsColombia","[1, 0, 0, 0, 0, 0, 0]"
"Por mi familia, por la democracia y las libertades. #FedericoEsColombia","[1, 0, 0, 0, 0, 0, 0]"
Por el bien de Colombia #FedericoEsColombia,"[1, 0, 0, 0, 0, 0, 0]"
"FICO es desarrollo, FICO es progreso #FedericoEsColombia","[1, 0, 0, 0, 0, 0, 0]"
Parece que no hemos entendido que necesita mantenerse vigente a base de mentiras #FedericoEsColombia,"[0, 0, 0, 0, 1, 0, 0]"
"#FedericoEsColombia #FedericoEsColombia El otro, el secuestrador, lo peor que podr√≠a pasarle a Colombia. Se imaginan al secuestrador y a king kong representando a Colombia ante el mundo.","[0, 1, 0, 0, 1, 0, 0]"
Mi voto en primera es por Federico Guti√©rrez #FedericoEsColombia  #FicoPresidente2022 .,"[1, 0, 0, 0, 0, 0, 0]"
Federico es el presidente que Colombia necesitaüòçüôè #FedericoEsColombia,"[1, 0, 0, 0, 0, 0, 0]"
"A 7 d√≠as de las elecciones presidenciales en Colombia, Gustavo Petro est√° asustado y Federico Guti√©rrez luce seguro #FedericoEsColombia","[1, 0, 0, 0, 0, 0, 0]"
Cuente con los votos de toda mi familia aqu√≠ en Manrique Medell√≠n A.#FedericoEsColombia,"[1, 0, 0, 0, 0, 0, 0]"
"#FedericoEsColombia  Ganaremos y uniremos a Colombia.   Tu voto, el m√≠o, el d todos es importante y decisivo.  Defendamos nuestra Democracia, nuestras libertades, no podemos caer en un abismo sin salida q nos empobrece mucho +.   Votemos bien, votemos FICO.  #FicoPresidente2022","[1, 0, 0, 0, 0, 0, 0]"
@DanielSamperO #LoPeorDeEstasElecciones La falta de √©tica de periodistas y firmas encuestadoras que manipularon a lo largo de la misma la opini√≥n p√∫blica.  El tercer poder es la Periodictadura.  Lo peor adem√°s son los extremos pol√≠ticos disfrazados de ideolog√≠as por *cogerse el poder.,"[0, 0, 0, 0, 1, 0, 0]"
"#LoPeorDeEstasElecciones  el kakas como palo e gallinero asustado por q le suspendan al registrador comprado y la rancia asustada por los l√°ser q ellos mismos usan en las protestas, todas las semanas se inventan un golpe de estado payasos saben q no van a ganar #PetroEsUnPeligro","[0, 0, 0, 0, 1, 0, 0]"
#LoPeorDeEstasElecciones es la divisi√≥n de la gente  de este pa√≠s esta gente y cosas ya que pasan,"[0, 0, 0, 1, 0, 0, 0]"
#MiVotoEsPetroYFrancia por la paz de este pa√≠s,"[1, 0, 0, 0, 0, 0, 0]"
#MiVotoEsPetroYFrancia estoy seguro que ser√° el comienzo para escribir el futuro en una patria m√°s justa y de oportunidades para todos.,"[1, 0, 0, 0, 0, 0, 0]"
Tambi√©n logr√© seducir dos votos m√°s #MiVotoEsPetroYFrancia,"[1, 0, 0, 0, 0, 0, 0]"
#MiVotoEsPetroYFrancia Hasta que la dignidad se haga costumbre üí™üèªüí™üèªüí™üèªüá®üá¥üá®üá¥üá®üá¥üá®üá¥,"[1, 0, 0, 0, 0, 0, 0]"
"Pueden decir toda la mentira que quieran, apelar al miedo si quieren, peroooüëâ #MiVotoEsPetroYFrancia","[1, 0, 0, 0, 0, 0, 0]"
#MiVotoEsPetroYFrancia  el pacto es una sumar de fuerzas que quiere comenzar un cambio. A√±os de esfuerzo de muchas personas de ver√° reflejado el pr√≥ximo domingo.,"[1, 0, 0, 0, 0, 0, 0]"
#MiVotoEsPetroYFrancia en primera vuelta vamos a ganar,"[1, 0, 0, 0, 0, 0, 0]"
"#MiVotoEsPetroYFrancia, as√≠ tendremos autonom√≠a de poderes, ellos respetan las cortes y toda la justicia.","[1, 0, 0, 0, 0, 0, 0]"
Hermoso ver el festival por el Cambio en total lleno la Plaza de Bol√≠var en Bogot√°. #MiVotoEsPetroYFrancia üíõüíô‚ù§Ô∏èüíöüíú,"[1, 0, 0, 0, 0, 0, 0]"
@Uriasv @Noti_Space #MiVotoEsPetroYFrancia  #MiVotoEsPetroYFrancia   Para nunca m√°s los padres tengan que enterrar a sus hijos  Para que la humanidad difnifique a todos sin estratos sociales  Para terminar el servicio Militar obligatorio   Para que la Salud Educaci√≥n vivienda sea para todos,"[1, 0, 0, 0, 0, 0, 0]"
si no es ahora no es nunca por eso #MiVotoEsPetroYFrancia,"[1, 0, 0, 0, 0, 0, 0]"
"#MiVotoEsPetroYFrancia En primera vuelta, el cambio en primera .","[1, 0, 0, 0, 0, 0, 0]"
"Entonces, ya no es ""amor eficaz"", sino ""amor pol√≠tico"". Bueno, al fin y al cabo amor es amor.  #MiVotoEsPetroYFrancia","[1, 0, 0, 0, 0, 0, 0]"
@alexapo74206987 @GustavoBolivar En esto se fue la plata que se robaron cuando tumbaron la ley de garant√≠as. #MiVotoEsPetroYFrancia,"[0, 0, 0, 0, 1, 0, 0]"
"#MiVotoEsPetroYFrancia siiiiiii lleg√≥ el momento de hacer Historia, Colombia va a cambiar!! Seremos potencia mundial de la Vida y el progreso!! Salud, estudio, trabajo digno. #ElCambioEnPrimera #PetroPresidenteEnPrimeraVuelta","[1, 0, 0, 0, 0, 0, 0]"
"#MiVotoEsPetroYFrancia mi voto es por la vida, por la libertad,por la pazüïäÔ∏è Mi voto es por el cambio.Dios permita llegue @petrogustavo y @FranciaMarquezM a la presidencia y vicepresidencia.Ansiosa de que llegue 29 de mayo para salir a votar #elcambioesenprimera #PetroPresidente","[1, 0, 0, 0, 0, 0, 0]"
@darcyquinnr Esta desesperada. Jajajajaj que no se le note tanto el miedo. #MiVotoEsPetroYFrancia,"[0, 0, 0, 0, 1, 0, 0]"
"#MiVotoEsPetroYFrancia   Son los √∫nicos que demuestran las competncias para gobernar este pa√≠s; estan lejos de la corrupci√≥n, luchan por nuestros derechos y tienen propuestas claras.","[1, 0, 0, 0, 0, 0, 0]"
#MiVotoEsPetroYFrancia porque son los √∫nicos que encarnan el verdadero cambio que necesitamos la mayor√≠a de los colombianos.,"[1, 0, 0, 0, 0, 0, 0]"
"#MiVotoEsPetroYFrancia Colombia üá®üá¥ adolorida, quiere un cambio. Hoy esta imagen lo evidencia.","[1, 0, 0, 0, 0, 0, 0]"
"Ya me coloque al d√≠a con todos los progresistas que me siguen, y vamos todos con #CambioEnPrimera #ProgresistaSigueProgresista #MiVotoEsPetroYFrancia","[1, 0, 0, 0, 0, 0, 0]"
#MiVotoEsPetroYFrancia y el de la mayor√≠a de mi familia tambi√©n. El cambio en primera.,"[1, 0, 0, 0, 0, 0, 0]"
#UnTramposoEs todos los que juntas en un Pacto para apoderarsen de un pa√≠s pr√≥spero y que Lucha d√≠a a d√≠a por salir adelante #PetroNuncaSer√°Presidente,"[0, 0, 0, 0, 1, 0, 0]"
@lcvelez #UnTramposoEs un periodista que manipula sus preguntas a favor de su candidato preferido.,"[0, 0, 0, 0, 1, 0, 0]"
"@ELTIEMPO @IvanDuque @bbcmundo El pobre infeliz creci√≥ escuchando que todo lo que hac√≠a, lo hac√≠a bien. Hasta las cagadas se las aplaudieron. Y miren, hicieron de √©l un idiota empoderado, sin un atisbo de sensatez ni verg√ºenza. Definitivamente, la mediocridad y el conformismo imperan.  #UnTramposoEs","[0, 0, 0, 0, 1, 0, 0]"
#UnTramposoEs    Rodolfo  Hern√°ndez    disque a luchar contra la corrupci√≥n   y el es  un  corrupto,"[0, 0, 0, 0, 1, 0, 0]"
#UnTramposoEs El que se hace llamar anticorrupci√≥n y espera juicio por corrupto Vitalogic @ingrodolfohdez,"[0, 0, 0, 0, 1, 0, 0]"
#FedericoEsColombia y el pueblo lo sabe.,"[1, 0, 0, 0, 0, 0, 0]"
"@andresguerraho @Saramilena69 @AlvaroUribeVel Uribe No est√° Presente fisicam/ pero esta en Nuestros Corazones, lo demostramos cuando #FedericoEsColombia Agradeci√≥ el Apoyo y Acompa√±amiento del @CeDemocratico la Ovaci√≥n fue ensordecedora. NO tenemos como Agradecerle al Presi Uribe todo lo que hace y sigue haciendo por C/bia.","[1, 0, 0, 0, 0, 0, 0]"
Gran manifestaci√≥n en Medell√≠n.  #FedericoEsColombia,"[1, 0, 0, 0, 0, 0, 0]"
"#FedericoEsColombia Pat√°n ignorante, es el continuismo del narco uribismo, Duque 2.0,Uribe 3.0. Narcotra-FICO.","[0, 0, 0, 0, 1, 1, 0]"
He le√≠do el plan de gobierno de FICO y no existen dudas que ser√° el mejor presidente en la historia de este pa√≠s üá®üá¥ #FedericoEsColombia #SantandereanosConFico @FicoGutierrez,"[1, 0, 0, 0, 0, 0, 0]"
"#MeInquieta que la w no crea en la cancelaci√≥n de elecciones, les recuerdo que tampoco cre√≠mos la jugadita con la ley de garant√≠as. En este pa√≠s todo puede pasar.","[0, 1, 0, 0, 0, 0, 0]"
"Que Duque haga una jugadita con Notarios, proc uraduria, fiscalia y vicepresidente para robar elecciones #MeInquieta","[0, 1, 0, 0, 0, 0, 0]"
#MeInquieta Que la w no pueda advertir la probabilidad de aplazamiento de elecciones en un gobierno tan corrupto y lleno de jugaditas.,"[0, 1, 0, 0, 1, 0, 0]"
#MeInquieta Andres Pastrana.  EL  EX   MAS TOXICO,"[0, 0, 0, 0, 1, 0, 0]"
#MeInquieta la polarizaci√≥n y la miseria profesional que demuestran muchos representantes  del cuarto poder..se perdi√≥ la imparcialidad..la objetividad..la dignidad y el respeto por dejar actuar a los que exponwn intereses personales por encima de la etica...,"[0, 0, 0, 1, 0, 0, 0]"
"#ElDebateDefinitivo Compadre PETRO, ¬øIra usted al debate? En caso de ser positivo: Alerta M√°xima con los rayos l√°ser de Vicky D√°vila.  Que Dios le acompa√±e con su espalda e ilumine, para enfrentar esa jaur√≠a de Lobos.","[1, 0, 0, 0, 0, 0, 0]"
"En #ElDebateDefinitivo todos los candidatos metiendoles los dedos en la boca, diciendo que acabar√°n con la corrupci√≥n. Se√±ores, es m√°s f√°cil acabar con las drogas que con la corrupci√≥n. Maduren. ü§¶üèªü§°","[0, 0, 0, 1, 1, 0, 0]"
"Me perdonan pero a @petrogustavo nadie le gana en conocimiento de este pa√≠s.   Pum, Pam! Toma! Cepillo! Petro a todos.   #ElDebateDefinitivo","[1, 0, 0, 0, 0, 0, 0]"
JAKALSHSKAKALS se re mato pensando la pregunta y el Petro fue re   Siks üëçüèª  #ElDebateDefinitivo  #DebateElTiempoSemana,"[1, 0, 0, 0, 0, 0, 0]"
Petro :‚ÄùUribe Uribe Uribe‚Äù  criticando el proceso de paz con los paramilitares que por deb√≠an ir a la justicia y no negociaci√≥n con el gobierno‚Ä¶. Curioso que con los crim√≠nales de lesa humanidad como son las FARC si es condescendiente #EldebateDefinitivo #PetroGanaDebate,"[0, 0, 0, 0, 1, 0, 0]"
"#ElDebateDefinitivo El modelo petrista ha sido probado en muchos pa√≠ses y, en todos ellos, ha aumentado la miseria y el sufrimiento de la gente. Fracas√≥ en la Uni√≥n Sovi√©tica, en la China de MAO, en Cuba y VeneZuela, entre otros","[0, 0, 0, 0, 1, 1, 0]"
"Alguien que le diga a @sergio_fajardo qu√© el debate es con datos, cifras y tanto calificativo y adjetivo de su propuesta. ¬°Ya la sabemos! Que cuente algo novedoso #ElDebateDefinitivo","[0, 0, 0, 0, 1, 0, 0]"
En #ElDebateDefinitivo queda claro que @sergio_fajardo es el que puede unir a Colombia.,"[1, 0, 0, 0, 0, 0, 0]"
C√≥mo putas lleg√≥ fico a una candidatura presidencial? Ese man no dice nada ! #ElDebateDefinitivo,"[0, 0, 0, 0, 1, 0, 0]"
#ElDebateDefinitivo El guerrillero Petro NO tiene nada que ver con la Constituci√≥n del 91. Se quiere ganar indulgencias con Avemar√≠as ajenas,"[0, 0, 0, 0, 1, 1, 0]"
"Parce ese Fico es muy nea, que pena con las neas que son todo bien todo copas, pero este se da garra. #ElDebateDefinitivo","[0, 0, 0, 0, 1, 0, 0]"
"Haremos un Pacto Hist√≥rico Nacional alrededor de las reformas fundamentales que necesita la sociedad para convivir en paz, para que est√© unida en la diversidad y la diferencia.    #ElDebateDefinitivo  #PetroGanaDebate","[1, 0, 0, 0, 0, 0, 0]"
"Fico: ¬øpuedo rematar? Petro: terminar, puede terminar.  La costumbre üòú  #ElDebateDefinitivo","[0, 0, 0, 0, 1, 0, 0]"
#ElDebateDefinitivo el dialogo es definitivo: Petro,"[1, 0, 0, 0, 0, 0, 0]"
"El debate de hoy: flojo, flojo. El √∫nico que trat√≥ de ir m√°s all√° de la confrontaci√≥n fue Sergio Fajardo. ¬øEn serio van a regalarle su voto a los mismos de siempre?   #ElDebateDefinitivo","[0, 0, 0, 1, 0, 0, 0]"
#ElDebateDefinitivo   Fajardo dice: voy donde me convoquen...  Lo convoc√≥ @riosvivoscol... ¬°NO FUE!  Lo convocaron las madres de Soacha... ¬°NO FUE!  Eres un #Falsardo,"[0, 0, 0, 1, 1, 0, 0]"
"Vicky hizo esa pregunta a Rodolfo solo porque sabe que le est√° respirando en la nuca a alias ""Fico"" #EldebateDefinitivo","[0, 0, 0, 0, 1, 0, 0]"
"En #ElDebateDefinitivo not√© algo muy diciente:  S√≥lo cuando hablaba un candidato (no dir√© qui√©n) aprovech√© para ir a hacer pip√≠, acomodar papeles, llevar la loza a la cocina y vainas as√≠...","[0, 0, 0, 0, 1, 0, 0]"
Lo mejor del #ElDebateDefinitivo ha sidoo #RodolfoPresidente. Que intervenciones tan magistrales.,"[1, 0, 0, 0, 0, 0, 0]"
"#ElDebateDefinitivo si cada cuatro a√±os es lo mismo, prometen llegan y todo es peor ¬øCu√°l es la garant√≠a de las personas que en estas elecciones est√° la esperanza de Colombia?","[0, 0, 0, 1, 0, 0, 0]"
"el debate sin propuestas y de alimento para el morbo, moderadores flojos y acomodados, como si eso sorprendiera... #EldebateDefinitivo","[0, 0, 0, 1, 1, 0, 0]"
#ElDebateDefinitivo Y qu√©...  ¬øya les van a poner a hacer cabecitas?,"[0, 0, 0, 0, 1, 0, 0]"
La pregunta:  ¬øColombia es un pa√≠s machista? Fico: No  Fajardo: Si Petro: Si  Rodolfo: En el ba√±o   #ElDebateDefinitivo,"[0, 0, 0, 0, 1, 0, 0]"
"#ElDebateDefinitivo @sergio_fajardo  fue a vender ilusiones y convencer no a debatir no propone s√≥lo dice redundancias, me sorprende profe sera que de proyectos no sabe tanto como de licenciatura...","[0, 0, 0, 1, 1, 0, 0]"
"#ElDebateDefinitivo Se ve la clase y la decencia de Federico, mientras los otros cada uno habla por su lado buscando el bien individual, Federico sin odio, envidia y ning√∫n resentimiento. Los otros candidatos repitiendo y siguen en las mismas, no han aprendido nada.","[1, 0, 0, 0, 0, 0, 0]"
"Otro poema en #ElDebateDefinitivo  Va a invitar a Nicol√°s Maduro a la posesi√≥n si gana? Y contesta Petro: No... el que invita es Duque. Luego, restablecer√≠a relaciones diplom√°ticas y comerciales   Guauuu...!!!","[0, 0, 0, 0, 1, 0, 0]"
"TE DARE GARANTIAS EN LA OPOSICI√ìN OME GUSTAVO EXPRESA EL CANDIDATO @FicoGutierrez  QUE ACEPTA QUE YA PERDIO, GRANDE.  #ElDebateDefinitivo #PetroGanaDebate","[1, 0, 0, 0, 0, 0, 0]"
"Si este debate hablara, dir√≠a, como @sergio_fajardo: ""Yo no inspiro nada"" #ElDebateDefinitivo","[0, 0, 0, 1, 1, 0, 0]"
"El profesor es Fajardo, pero el que educa cada vez que habla es Petro #ElDebateDefinitivo My president ‚ù§Ô∏è","[1, 0, 0, 0, 0, 0, 0]"
"Se le bajaron los Uribistas a Fico. Por eso se van con el @ingrodolfohdez Fico dice dizque no al glifosato, siii como no. #ElDebateDefinitivo","[0, 0, 0, 0, 1, 0, 0]"
Hasta clase de matem√°ticas le termin√≥ dando Petro a Fajardo jajajajajajajajajaj mk ese fajardo est√° que llora muero  #ElDebateDefinitivo,"[0, 0, 0, 0, 1, 0, 0]"
Lo mejor que hizo @petrogustavo fue volver a los debates.   Da c√°tedra en este momento.   #ElDebateDefinitivo  #DebateElTiempoSemana,"[1, 0, 0, 0, 0, 0, 0]"
"Y Rodolfo? En casa, no tiene con qu√© debatir. Pa' el todas las respuestas es combatir la corrupci√≥n a punta de madrazos.  #ElDebateDefinitivo","[0, 0, 0, 0, 1, 0, 0]"
"Vea, @FicoGutierrez se acaba de quedar sin nada que hacer en #ElDebateDefinitivo.  @petrogustavo de nuevo le ha dado una c√°tedra de econom√≠a y desarrollo al pa√≠s. #PetroGanaDebate   #DebateElTiempoSemana","[1, 0, 0, 0, 1, 0, 0]"
#ElDebateDefinitivo Fico ¬ø50 billones de d√≥nde? Que tipo tan bruto. Tergiversando la realidad como siempre.,"[0, 0, 0, 0, 1, 0, 0]"
"Fico se aprende lo que va a decir antes de los debates c√≥mo hac√≠a Duque hace 4 a√±os, hablando por hablar luego de esa peinada de Petro al profesor üòÇ #ElDebateDefinitivo","[0, 0, 0, 0, 1, 0, 0]"
"En #ElDebateDefinitivo Fajardo con sus preguntas hizo subir de votos a @petrogustavo en los votos de los indecisos. La ausencia del ingeniero ayud√≥ a Petro, Fico pierde s√≥lo. #PetroGanaDebate, es el √∫nico candidato que gana con argumentos.","[1, 0, 0, 0, 1, 0, 0]"
Comenzo el entrampamiento p√∫blico en el debate presidencial. Ya ni disimulan. #ElDebateDefinitivo,"[0, 0, 0, 1, 1, 0, 0]"
"#ElDebateDefinitivo petro no supera a Uribe V√©lez en su intervenci√≥n, lo primero que le sale de la boca es Uribe. As√≠ gana votos; es su bandera del enga√±o, lo convirti√≥ en el malo del paseo cuando los violentos fueron otros !!","[0, 0, 0, 0, 1, 0, 0]"
A Vicky D√°vila le fue mejor conduciendo el debate hace 4 a√±os. Cuando no fue nadie.  #ElDebateDefinitivo,"[0, 0, 0, 0, 1, 0, 0]"
"#ElDebateDefinitivo @petrogustavo no tiene competencia, definitivamente es el ganador. Gana con argumentos claros y bueno, al parecer le va a ense√±ar a sumar a Fajardo.","[1, 0, 0, 0, 0, 0, 0]"
Fajardo quedo tan peinado que ya se quiere ir #ElDebateDefinitivo,"[0, 0, 0, 1, 1, 0, 0]"
"nadie pero de verdad nadie, Fico:  Cuando yo fui alcalde   #ElDebateDefinitivo","[0, 0, 0, 0, 1, 0, 0]"
"Conclusi√≥n del Debate, quiero tener la paciencia de Petro para aguantar a gente como Fico  #ElDebateDefinitivo","[1, 0, 0, 0, 0, 0, 0]"
"Pues si es re tibio, adem√°s como hablas de respeto si ahorita insultaste re paila a Petro, wtf   #DebateElTiempoSemana  #ElDebateDefinitivo","[0, 0, 0, 0, 1, 1, 0]"
Hace preguntas y no le gustan las respuestas. El presidente profesor es Petro. A todos nos ense√±a!! #ElDebateDefinitivo,"[1, 0, 0, 0, 0, 0, 0]"
Qu√© desespero o√≠r a Fico. Es desastroso. Qu√© nivel de argumentaci√≥n y de conocimiento tan bajo. #ElDebateDefinitivo,"[0, 0, 0, 0, 1, 0, 0]"
"En conclusi√≥n #ElDebateDefinitivo deja claro que Petro es un peligro. Mentiroso, arrogante, tramposo, encubridor, manipulador, violento, pasivo agresivo, resentido. En resumen, una porquer√≠a de ser humano, qu√© digo humano... un demonio.  Petro es el Pol Pot de Ci√©naga de Oro","[0, 1, 0, 0, 1, 0, 0]"
Hey respeten a @sergio_fajardo el tipo ya tiene sue√±o y estas no son horas para preocuparse por un pa√≠s JAJAJAJAJAJAJAUAJAJAJAJA  Tibiazo de mierda!!!!! #PetroPresidente  #DebateElTiempoSemana  #ElDebateDefinitivo,"[0, 0, 0, 0, 1, 0, 0]"
"Pobre #Fico me hace recordar mis primeras clases de C√°lculo Integral: no sab√≠a ni üí© , pero de todas formas asist√≠a, para que el profe me viera.  #ElDebateDefinitivo","[0, 0, 0, 0, 1, 0, 0]"
"No quer√≠a decir grocerias pero que maricada, ni los animadores se respetan la palabra. #PetroGanaDebate #ElDebateDefinitivo","[0, 0, 0, 1, 1, 0, 0]"
"Discursos de odio, promesas pretensiosas, inviables y muchos egos #ElDebateDefinitivo  Que Dios se apiade de COLOMBIA üôè","[0, 1, 0, 1, 0, 0, 0]"
"#ElDebateDefinitivo @VickyDavilaH Deber√≠an aprender hacer un debate c√≥mo el que realiz√≥ la universidad externado, d√≥nde los candidatos hablaban de sus propuestas y no de ataques a otros candidatos. Les qued√≥ grande hacer un buen debate. #PetroGanaDebate @ELTIEMPO @RevistaSemana","[0, 0, 0, 1, 0, 0, 0]"
Petro una vez m√°s dijo que Colombia es igual a Venezuela. A ese se√±or se le ve la cara de satisfacci√≥n cuando inserta mentiras descaradas en los cerebros vulnerables de los petristas.  #ElDebateDefinitivo,"[0, 0, 0, 0, 1, 1, 0]"
En #ElDebateDefinitivo el mit√≥mano de Petro neg√≥ haber dicho que va expropiar las pensiones de los colombianos en los fondos privados.,"[0, 0, 0, 0, 1, 1, 0]"
"#ElDebateDefinitivo  Vicky a Fajardo: Pero es que Maria Angela Holg√ºin la tiene en la casa. Fajardo: Ella no tiene que estar all√°,  ella est√° donde quiere estar.  Una respuesta hermosa que resalta la importancia de la mujer en la sociedad y que no debe estar en la casa unicamente","[1, 0, 0, 0, 0, 0, 0]"
Incendiaron el pa√≠s por una reforma tributaria mal presentada de 21 billones para que su Mes√≠as diga que quiere una de 50...adivinen de donde los piensa sacar. #ElDebateDefinitivo  @RevistaSemana,"[0, 0, 0, 0, 1, 1, 0]"
¬øQu√© tienen en com√∫n Sergio Fajardo y el Manchester United este mes?  Que ambos dieron sue√±o. #ElDebateDefinitivo,"[0, 0, 0, 0, 1, 0, 0]"
@ingrodolfohdez  ¬øcual es el miedo de ir a los debates ? Se le acabo el discurso ‚Äúanti corrupci√≥n‚Äù o es por la escasez de propuestas üßêü§î #ElDebateDefinitivo,"[0, 0, 0, 0, 1, 0, 0]"
Despu√©s de almuerzo soy Fajardo #ElDebateDefinitivo,"[0, 0, 0, 0, 1, 0, 0]"
"Es que @sergio_fajardo,  si hasta @VickyDavilaH que no es santa de mi devoci√≥n, le dice que si va a asumir la presidencia tiene que acostrumbrarse a extenderse en el tiempo, como pas√≥ en el debate, amigo, usted est√° en la olla.  #ElDebateDefinitivo","[0, 0, 0, 0, 1, 0, 0]"
"Qui√©n no se va a querer ir a dormir oyendo a @petrogustavo con esa voz sexy y ahogada, recitar trabalenguas sin sentido para confundir a sus focas, haci√©ndoles creer que sabe m√°s de matem√°ticas que @sergio_fajardo üòÇ Que sue√±o profe! #ElDebateDefinitivo #FajardoPresidente","[0, 0, 0, 0, 1, 0, 0]"
"Por lo que leo, el odio, la desinformaci√≥n, los ataques y la polarizaci√≥n fueron protagonistas en el #ElDebateDefinitivo. Propuestas y debate real muy poquito ü§ê.","[0, 0, 0, 1, 0, 0, 0]"
"En #ElDebateDefinitivo Fico le refut√≥ a Petro que su exfuncionario Villegas hubiese tenido contactos con la oficina de Envigado, si mal no recuerdo, Villegas reconoci√≥ esos contactos en el acuerdo con la Fiscal√≠a. ¬øNecesitamos m√°s evidencias del nivel de cinismo del gre√±aldo?","[0, 0, 0, 0, 1, 0, 0]"
"En #ElDebateDefinitivo, Fajardo es el √∫nico personaje que se enoja porque tiene publicidad gratuita en TV y redes, pero a la misma vez recoje dinero en Vaki para aparecer en TV de manera no gratuita. Las matem√°ticas le fallaron al profesor.","[0, 0, 0, 0, 1, 0, 0]"
"Me da risa que ""intelectuales"" est√©n pensando en votar por el anciano corrupto cuando √©ste ni plan de gobierno tiene, jam√°s se le ha escuchado de su boca m√°s que decretos a dedo y a la fuerza. Quiero ver c√≥mo lo destruyen en los debates q faltan. #ElDebateDefinitivo","[0, 0, 0, 0, 1, 1, 0]"
"#ElDebateDefinitivo  Pens√© que Fajardo y Fico tra√≠an propuestas pero no. Han copiado las de @petrogustavo pero no saben como implementarlas. Petro en cambio explica el como de sus propuestas, les corrige los c√°lculos, les explica malentendidos y como resultado los hace ver mal","[1, 0, 0, 0, 1, 0, 0]"
"Pueden ponerse de cabeza pero @JuanManSantos tuvo tan buen gobierno, que la mayor√≠a de sus exfuncionarios est√°n hoy en todas las campa√±as:  Prada con #Petro  Henao con #Fico  Cristo con #Fajardo   #ElDebateDefinitivo demostr√≥ que Santos uni√≥ a distintas corrientes pol√≠ticas.","[1, 0, 0, 0, 0, 0, 0]"
"Petro en #ElDebateDefinitivo estuvo sencillo y claro. Y decirlo con esa palabrita que le encanta al gobierno uribista de @IvanDuque: CONTUNDENTE.   Su s√≠ntesis:   Colombianos, hay tres posturas: i) La del gobierno uribista, defendida ac√°; m√°s de lo mismo; m√°s uribismo.","[1, 0, 0, 0, 0, 0, 0]"
"#ElDebateDefinitivo En cualquier momento ese Fico comenzaba a dirigirse a los presentes c√≥mo Cucho: ""pero mir√°ndome a losh ojosh Cucho""","[0, 0, 0, 0, 1, 0, 0]"
"#AColombiaLePreocupa la falta de alimento que se avecina, la seguridad alimentaria est√° en riesgo. El trigo se escasea y la falta de soluciones por parte del gobierno.","[0, 1, 0, 0, 0, 0, 0]"
"#AColombiaLePreocupa el empleo, la comida, la seguridad, la injusticia.....y poco le preocupa las agresiones entre los candidatos, es m√°s, les aburren esas broncas.","[0, 1, 0, 0, 0, 0, 0]"
#AColombiaLePreocupa la p√©rdida de empatia y la polarizaci√≥n.,"[0, 0, 0, 1, 0, 0, 0]"
"#AColombiaLePreocupa NADA, es tal el inconformismo con los gobernantes que la contienda se basa solo en quien ladra mas, triste pero es en lo que nos han convertido estas ratas manipuladoras","[0, 0, 0, 1, 1, 0, 0]"
"#AColombiaLePreocupa es la relaci√≥n de @AndresPastrana_ con la Uni√≥n Temporal Disproel, que es la que hace el conteo corrupto desde hace m√°s de 20 a√±os. ¬øPasos de animal grande sobre el control de las elecciones?","[0, 1, 0, 0, 0, 0, 0]"
#AColombiaLePreocupa que est√° madrugada una funcionaria de la Andi en tierra de sue√±os de rcn haya dicho que Colombia es autosuficiente para todo el 2022 en insumos agr√≠colas..y que hasta hay para exportar..entonces porque los alimentos nacionales se han subido hasta en un.200%,"[0, 1, 0, 0, 0, 1, 0]"
Hoy no es un #FelizMartes Hoy es el dia del golpe de estado que anunci√≥ Gustavo Petro hace unos d√≠as. Que nervios! üò¨ #AColombiaLePreocupa,"[0, 1, 0, 0, 0, 0, 0]"
#AColombiaLePreocupa tanto bruto que salen a decir.que lo que  expuso el hampon del cacas es una gran propuesta de Econom√≠a h√°game el favor esa gente que clase de üí©üí©üí© tiene en la cabeza,"[0, 0, 0, 0, 1, 1, 0]"
#AColombiaLePreocupa que la carne de res se convierta en un recuerdo rom√°ntico como alimento.,"[0, 1, 0, 0, 0, 0, 0]"
"#AColombiaLePreocupa el freno en la econom√≠a que se ver√° en los pr√≥ximos 4 a√±os, el horizonte no es prometedor. ü§¶‚Äç‚ôÇÔ∏èüá®üá¥üò•","[0, 1, 0, 0, 0, 0, 0]"
"Yo le hago una pregunta a los colombianos Uribistas extranjeros les preocupa que Colombia se convierta en una Venezuela, por que decidieron irse de Colombia cuando supuestamente estamos en un mar de rosas y todo es paz y amor?? #AColombiaLePreocupa","[0, 0, 0, 0, 1, 0, 0]"
Un sue√±o a un cambio a una esperanza a una segunda oportunidad que nos est√° dando la vida pol√≠tica petro presidente #LeApuestoA,"[1, 0, 0, 0, 0, 0, 0]"
"Esta ma√±ana #leapuestoa que los que votar√°n por el que no debe ser, no ser√°n capaces de devolvernos el pa√≠s de los derechos. Hoy tenemos la posibilidad de decidir. Despu√©s quedaremos sumidos en el NO, si no est√°s de acuerdo con un gobierno ruin perpetuo.","[0, 1, 0, 0, 0, 0, 0]"
#UnTramposoEs el se√±or de las bolsas,"[0, 0, 0, 0, 1, 0, 0]"
#UnTramposoEs Federico Guti√©rrez que se copia de las propuestas de otros candidatos.,"[0, 0, 0, 0, 1, 0, 0]"
@lcvelez @lafm #UnTramposoEs aquel periodista que es imparcial con los candidatos y a uno le hace reto rockero al otro ni le deja hablar para explicar una reforma pensional. Asi son los tramposos y canallas üòÖ por lo menos que haga un acto de caballerosidad @lcvelez,"[0, 0, 0, 0, 1, 1, 0]"
Es el que quiere vender un guerrillero como el cambio #UnTramposoEs,"[0, 0, 0, 0, 1, 0, 0]"
#UnTramposoEs el que descubriremos cuando levantemos el tapete de la Casa de Nari√±o y veamos el mugre escondido.,"[0, 0, 0, 0, 1, 0, 0]"
"@darcyquinnr   #VotoPor  ti, Voto por mi voto por todos y que se acabe esta sinverguenceria mal llamada elecciones, que son una excusa de infamias,  atropeyos, mentiras, enga√±os,hipocrecias y degravios.","[1, 0, 0, 0, 0, 1, 0]"
@darcyquinnr #votoPor que la NARCO CORRUPTELA comience a pagar impuestos como el resto de Colombianos.,"[0, 0, 0, 0, 1, 1, 0]"
"#VotoPor quien no tiene que acudir al populismo, politiquer√≠a y enga√±os para ganar votantes, lleg√≥ la hora de votar objetivamente.","[0, 0, 0, 0, 1, 0, 0]"
"#VotoPor un cambio, voto por Petro","[1, 0, 0, 0, 0, 0, 0]"
"@lafm #VotoPor #FajardoPresidente #UnPresidenteProfesor üíö, porque sus propuestas son reales, por su serenidad y porque ha hecho juicioso la tarea de presentar un programa a favor del medio ambiente üíö","[1, 0, 0, 0, 0, 0, 0]"
"Yo no #VotoPor x alguien q haya da√±ado o atentado contra la vida o dignidad de una persona, menos por alguien cuya actitud o comportamiento no sea coherente o respetuosa de los derechos fundamentales y menos si tiene  prop√≥sitos de dividir, incitar y promover diferencias y odios.","[0, 0, 0, 0, 1, 0, 0]"
"#VotoPor la libre empresa, por mi pensi√≥n, por la No democratizaci√≥n, por no terminar en los sem√°foros de un pa√≠s extranjeros pidiendo limosna.","[0, 1, 0, 0, 1, 0, 0]"
#YaEsSuficiente La hegemon√≠a de los mismos partidos de siempre,"[0, 0, 0, 0, 1, 0, 0]"
#YaEsSuficiente la corrupci√≥n estatal que es la evidencia de nuestra falta de √©tica como pueblo. La educaci√≥n es nuestro camino.,"[0, 0, 0, 0, 1, 0, 0]"
"#YaEsSuficiente que el pa√≠s siga en manos de las mafias pol√≠ticas que han coptado el Estado en cabeza del uribismo; √©stas merecen ser liquidadas  para que Colombia tenga otra historia con paz, justicia social y democracia. Por eso #VotoPor @petrogustavo y @FranciaMarquezM","[0, 0, 0, 0, 1, 0, 0]"
"#YaEsSuficiente de comerle cuento a Rodolfo Hern√°ndez, no va a debates por que no tiene nada que decir, no maneja cifras, no tiene claridad en sus propuestas.","[0, 0, 0, 0, 1, 0, 0]"
@Enrique_GomezM Ud hablando de √©tica cuando trata de explotar la imagen de su t√≠o quien no pudo ser presidente porque el pueblo le cobr√≥ en las urnas lo de su abuelo laureano que acab√≥ las libertades dando sable y sotana mientras ten√≠a al pa√≠s en estado de sitio. #yaessuficiente de usted,"[0, 0, 0, 0, 1, 0, 0]"
"No le dar√° verg√ºenza a Guti√©rrez andar de copietas de las propuestas de Petro y, para completar, hacerlo mal!  El nivel de mediocridad es insuperable.  #ElDebateDefinitivo","[0, 0, 0, 0, 1, 0, 0]"
"#VanessaPreg√∫nteleAFico cu√°les son sus v√≠nculos con las cementeras proveedoras para obras en su alcald√≠a , y por qu√© cobraban el bulto de cemento con un costo extra de 95%","[0, 0, 0, 0, 1, 0, 0]"
#VanessaPreg√∫nteleAFico Vot√© por este sujeto en Medell√≠n porque la otra opci√≥n era @jcvelezuribe  Escoger entre gonorrea y s√≠filis,"[0, 0, 0, 0, 1, 0, 0]"
#ConvenceUnoM√°sPorPetro para no desaprovechar esta oportunidad hist√≥rica de elegir #ElCambioEnPrimera.,"[1, 0, 0, 0, 0, 0, 0]"
"#convenceunomasporPetro todos los d√≠as 3 y 4 personas no perdono unos votos mas, por las  generaciones futuras doy mi granito de arena. #VivirSabroso #PactoHistorico","[1, 0, 0, 0, 0, 0, 0]"
Por el bien de Colombia  #FicoElGanador,"[1, 0, 0, 0, 0, 0, 0]"
#FicoElGanador por que colombia no puede perder la democracia,"[1, 0, 0, 0, 0, 0, 0]"
"@FicoGutierrez Propuestas viables y que favorecen la econom√≠a de todos los colombianos, este 29 de mayo yo me sumo y me identiFICOüá®üá¥ #FicoElGanador","[1, 0, 0, 0, 0, 0, 0]"
@jcpastrana Y por las jugaditas logisticas politicas; despertaron a nuestros compatriotas #FicoElGanador,"[1, 0, 0, 0, 0, 0, 0]"
#FicoElGanador Fico debe ganar en primera vuelta tiene el mejor programa de gobierno,"[1, 0, 0, 0, 0, 0, 0]"
"@jarizabaletaf Oiga pues, por eso este corrupto y misogeno se√±or no puede ser presidente. #FicoElGanador","[0, 0, 0, 0, 1, 0, 0]"
"Se siente en Bogot√°, se siente en Colombia #FicoElGanador @FicoGutierrez","[1, 0, 0, 0, 0, 0, 0]"
@VickyDavilaH Duque en menos de 2 meses se apunt√≥ 2 golazos.  Matamba y Gentil quietos en primera.  El pueblo ya decidi√≥. #FicoElGanador  #FicoElGanador  #FicoElGanador,"[1, 0, 0, 0, 0, 0, 0]"
La esperanza est√° en lo m√°s alto #FicoElGanador,"[1, 0, 0, 0, 0, 0, 0]"
#elmejorcandidatoes PETRO SIN LUGAR A DUDAS,"[1, 0, 0, 0, 0, 0, 0]"
#ElMejorCandidatoEs #RodolfoPresidente un hombre que reconoce sus errores y que sabe que hay que hacer,"[1, 0, 0, 0, 0, 0, 0]"
"#ElMejorCandidatoEs el que piensa en los m√°s de 50 millones de colombianos, especialmente los excluidos, marginados, que han tenido pocas oportunidades y que sus propuestas conviertan a Colombia en sostenible.","[1, 0, 0, 0, 0, 0, 0]"
"#ElMejorCandidatoEs sin duda @petrogustavo; es notable su conocimiento y conexi√≥n con el pa√≠s y los problemas estructurales e hist√≥ricos, ante lo cual hace propuestas concretas y coherentes para un cambio profundo, uno por la vida.","[1, 0, 0, 0, 0, 0, 0]"
"#ElMejorCandidatoEs Petro, por su inteligencia pol√≠tica, y por su inter√©s en la democracias y la humanidades","[1, 0, 0, 0, 0, 0, 0]"
"#ElMejorCandidatoEs Petro, conoce las necesidades de todos los colombianos, en especial de los m√°s pobres, su programa integra soluciones en temas de trabajo, salud, acceso a la educaci√≥n y lucha contra el cambio clim√°tico y contra la corrupci√≥n.","[1, 0, 0, 0, 0, 0, 0]"
#ElMejorCandidatoEs sin lugar a dudas Gustavo Petro üëçüí™üá®üá¥,"[1, 0, 0, 0, 0, 0, 0]"
"En #ElDebateDecisivo pudimos ver en lo progresistas que se han vuelto Fajardo y Fico.  Eso no es malo, pero realmente no tienen intenci√≥n de hacer cambios para favorecer a los menos favorecidos.  #ElMejorCandidatoEs sin duda es Petro.","[1, 0, 0, 0, 1, 0, 0]"
"#ElMejorCandidatoEs #FicoGanador, tiene la mejor propuesta en infraestructura terminar las 4G e Iniciar las 5G, V√≠as terciarias para el campo, infraestructura energetica para reducir el costo de servicios en el Caribe Colombiano y avanzar en el proyecto de Metro de Bogota.","[1, 0, 0, 0, 0, 0, 0]"
"#ElMejorCandidatoEs todos tienen las propuestas que el pais necesita,pero   mucho hay del trecho al hecho,es imposible muchas de ellas cumplirlas,solo veamos al saliente que dificilmente todo lo que prometio,cumplio,que tristeza.","[0, 0, 0, 1, 0, 0, 0]"
"#ElMejorCandidatoEs el que usted escoja, el que l@ enamor√© con propuestas, lo importante es q usted conozca las ideas por las que va a votar y no se deje influenciar por el que diga alguien, o por el conocido ""todos menos este"" , es votar con conciencia de su voto depende el pa√≠s","[1, 0, 0, 0, 0, 0, 0]"
#ElMejorCandidatoEs El que la gente pide a gritos y necesita Colombia üá®üá¥ un cambio radical y necesario. Definitivamente Gustavo Petro. üá®üá¥üá®üá¥üá®üá¥üá®üá¥üôèüôèüôèüôèüôè,"[1, 0, 0, 0, 0, 0, 0]"
"#ElMejorCandidatoEs Gustavo Petro. Incorrupto, inteligente, excelente administrador y lo ha demostrado.","[1, 0, 0, 0, 0, 0, 0]"
Hubieran organizado el #ElDebateDecisivo m√°s tarde. ¬ø@petrogustavo estar√° quit√°ndose el guayabo (resaca) de lo de Piedad C√≥rdoba con alg√∫n producto blanco?,"[0, 0, 0, 0, 1, 0, 0]"
@FicoGutierrez leyendo No le da la corteza cerebral para decir las cosas? #ElDebateDecisivo,"[0, 0, 0, 0, 1, 0, 0]"
"Dice Fico: vamos a hacer una reforma tributaris sensata, que es una manera de no decir nada.  #ElDebateDecisivo","[0, 0, 0, 0, 1, 0, 0]"
"#ElDebateDecisivo @petrogustavo A√∫n la audiencia est√° esperando una disculpa, es que llegar tarde es una falta de respeto al elector y no disculparse demuestra su arrogancia.","[0, 0, 0, 0, 1, 0, 0]"
"Petro critica que Ser Pilo Paga haya invertido 3 billones de pesos en universidades privadas (universidades que, recordemos, los mismos estudiantes eligieron).  Los populistas llevan el estatismo en las venas. #ElDebateDecisivo","[0, 0, 0, 0, 1, 0, 0]"
"#ElDebateDecisivo, ELN: ese culebrero Duque II disque tiene voluntad de paz y arranca con ese tontito y con esa carga de rabia: ""son cabecillas no dirigentes.""","[0, 0, 0, 0, 1, 0, 0]"
"@sergio_fajardo anda muy destochado en su estrategia publicitaria de campa√±a, no s√≥lo deja en duda su talante pacifista y respetuoso, sino que por andar pensando en @petrogustavo  olvid√≥ sus propuestas y promueve las del @PactoHistorico #PetroPresidenteEnPrimera #ElDebateDecisivo","[0, 0, 0, 0, 1, 0, 0]"
Gran moderador el se√±or Roberto Pombo en #ElDebateDecisivo @CaracolRadio   @petrogustavo demostr√≥ ser el √∫nico que tiene el pa√≠s en la cabeza.,"[1, 0, 0, 0, 0, 0, 0]"
"Resumen #ElDebateDefinitivo #ElDebateDecisivo  Petro: ü§ìü§ìü§ì  NarcotraFico: üì±üì±üì±üí©üí©  Fajardo: ü§° ü§° üêãüêã  Definitivamente nadie le da nivel a Petro, son tan descarados que se roban sus ideas...  #ElCambioEnPrimera #PactoHistorico","[1, 0, 0, 0, 1, 0, 0]"
"@marthaperaltae @sergio_fajardo @FicoGutierrez @petrogustavo No es impresi√≥n es una imprecisi√≥n m√°s bien, porque lo que promete @petrogustavo es irrealizable es un populista, en cambio lo que plantea @sergio_fajardo si tiene sustento y se puede realizar. Vez que gran diferencia. #ElDebateDecisivo #YoVotoPorFajardo","[0, 0, 0, 0, 1, 0, 0]"
"No se necesita ser economista, ni experto en seguridad, ni en transporte para saber que #petroeselcambio. Gente es solo escuchar y ponerle SENTIDO COM√öN!! @petrogustavo  #ElDebateDecisivo","[1, 0, 0, 0, 0, 0, 0]"
"Mi misi√≥n como m√≠nimo son cinco votos, s√≠ cada uno lo hacemos ganamos en primera vuelta.Ganemole al fraude.#PetroEsElCambio","[1, 0, 0, 0, 0, 0, 0]"
"#PetroEsElCambio #PetroEsElCambio #PetroEsElCambio Guti√©rrez no puedo ocultar su cara guerrera, al contestar la pregunta sobre el protocolo y di√°logos con ELN.","[0, 0, 0, 0, 1, 0, 0]"
"A los indecisos les digo,  #PetroEsElCambio","[1, 0, 0, 0, 0, 0, 0]"
"#MagdalenaVotaPetro el pa√≠s necesita un cambio, es momento de cambiar la historia de nuestro pa√≠s.üôåüôåüôå","[1, 0, 0, 0, 0, 0, 0]"
"@zullyaven #MagdalenaVotaPetro no solo en Magdalena, todo el pa√≠s clama por el cambio en primera ‚ù§Ô∏è","[1, 0, 0, 0, 0, 0, 0]"
#PetroEs un asqueroso hamp√≥n miserable jefe del M19 asesinos,"[0, 0, 0, 0, 1, 1, 0]"
@RevistaSemana @JoseAlf57859821 @petrogustavo #PetroEs el hombre estadista que necesita el pa√≠s para derrotar al establecimiento mafioso y narco paramilitar que ha da√±ado a Colombia,"[1, 0, 0, 0, 0, 0, 0]"
#PetroEs el cambio para colombia...que tanto esperabamos,"[1, 0, 0, 0, 0, 0, 0]"
#PetroEs La peor basura que ha podido parir Colombia,"[0, 0, 0, 0, 1, 1, 0]"
"#PetroEs #PetroElPatronDelMal  dice o hace algo y si no tiene el efecto deseado no va a cambiar de idea, si no va adornar las palabras e Igual har√° lo que se le Vega en gana, como las basuras de Bogot√°, dijo que le iba a quitar a los privados y lo hizo sin importar lo que provoc√≥","[0, 0, 0, 0, 1, 0, 0]"
#EsElMomentoDe BOTAR el odio y VOTAR a conciencia y convicci√≥n.,"[1, 0, 0, 0, 0, 0, 0]"
#EsElMomentoDe callar a los pol√≠ticos que cuando habren la boca destilan odio y hacen da√±o a Colombia.,"[0, 0, 0, 0, 1, 0, 0]"
"#EsElMomentoDe #gipsymedellin el cambio, se so√±ar, de saber que somos iguales","[1, 0, 0, 0, 0, 0, 0]"
#EsElMomentoDe pensar en el futuro de nuestros hijos y salir a votar de forma responsable el domingo. #GipsyBogota,"[1, 0, 0, 0, 0, 0, 0]"
"#EsElMomentoDe Imaginarnos EL ""CAMBIO "" Ministerio de defensa: Timochemko,  Canciller Piedad C√≥rdoba,  Zar anticorrupci√≥n: Roy Barreras. Todo eso por la Vida!","[0, 0, 0, 0, 1, 0, 0]"
"#EsElMomentoDe Escuchar que cuando entrevistan a Petro ,se aprende de Historia,de Macroeconom√≠a,de Pol√≠ticas Verdes y cuando entrevistan a Fico ,estoy revisando si me robaron el celular,la billetera ,da susto el tipo...","[1, 0, 0, 0, 1, 0, 0]"
"#EsElMomentoDe VOTAR por un futuro responsable, asegurando la ni√±ez, educaci√≥n y oportunidades para Todos.","[1, 0, 0, 0, 0, 0, 0]"
#EsElMomentoDe dejarle miedo al cambio. Por una potencia mundial de la vida @petrogustavo presidente,"[1, 0, 0, 0, 0, 0, 0]"
"@VickyDavilaH Firme con @FicoGutierrez  desde la alcald√≠a de Medell√≠n, es la mejor opci√≥n para nuestro pa√≠s  #FicoElGanador","[1, 0, 0, 0, 0, 0, 0]"
"@ArgiroCasta888 Hola Argiro, buen d√≠a, desde que vot√© por #FicoElGanador #FicoPresidente en Mayo 23, estoy celebrando el triunfo por la Democracia en Colombia.","[1, 0, 0, 0, 0, 0, 0]"
"Porque NO QUIERO ver ni en pintura a Nicol√°s Maduro y Diosdado Cabello, entonces mi voto es por Federico Guti√©rrez   #FicoElGanador","[0, 0, 0, 0, 1, 0, 0]"
"@GalloMatrix01 Hoy la peor delincuencia esta en el congreso gracias al PACTO DE DELINCUENTES. Este domingo no podemos caer en el comunismo. No van a ganar, no van a gobernar, no dirigir√°n este pa√≠s. #FicoElGanador  #FicoEsColombia #FicoPresidente2022","[0, 1, 0, 0, 1, 0, 0]"
Las alianzas que hizo #ElPactoDeCorruptos demuestra q para ellos los ciudadanos valemos üí©üí©üí©. Han hecho un recorrido por todas las c√°rceles de Colombia y mientras m√°s delincuente mejor para ellos.  Por esa raz√≥n.  #FicoElGanador  #FicoElPresidenteDeLaGente,"[0, 0, 0, 0, 1, 0, 0]"
